{"Age": 10.491252144082333, "Clicks1": 6.099142367066896, "Hits1": 3.7008576329331047, "Misses1": 0.7982847341337908, "Score1": 3.7684391080617496, "Accuracy1": 3.33329873348199, "Missrate1": 4.268174640754717, "Clicks2": 9.49433962264151, "Hits2": 4.8641509433962264, "Misses2": 0.8665523156089194, "Score2": 4.931389365351629, "Accuracy2": 4.951995940686106, "Missrate2": 4.247676042092625, "Clicks3": 10.215094339622642, "Hits3": 4.0469982847341335, "Misses3": 0.6737564322469983, "Score3": 4.137907375643224, "Accuracy3": 4.273616047169811, "Missrate3": 2.5627436334476843, "Clicks4": 5.644939965694682, "Hits4": 3.597941680960549, "Misses4": 2.046998284734134, "Score4": 4.3807890222984565, "Accuracy4": 21.50167241650086, "Missrate4": 15.126457944150946, "Clicks5": 5.8514579759862775, "Hits5": 4.347855917667238, "Misses5": 1.5036020583190395, "Score5": 4.43704974271012, "Accuracy5": 10.127955062195541, "Missrate5": 3.8799385913207547, "Clicks6": 5.972555746140652, "Hits6": 4.753344768439108, "Misses6": 1.2192109777015436, "Score6": 4.774271012006861, "Accuracy6": 13.22103032909091, "Missrate6": 3.871943942881647, "Clicks7": 6.025385934819897, "Hits7": 5.428816466552315, "Misses7": 0.5965694682675815, "Score7": 5.448713550600343, "Accuracy7": 24.101559685454546, "Missrate7": 4.612001207135506, "Clicks8": 5.087478559176672, "Hits8": 4.10188679245283, "Misses8": 0.9855917667238422, "Score8": 4.109777015437393, "Accuracy8": 14.977466287924528, "Missrate8": 5.20435875516295, "Clicks9": 4.560548885077187, "Hits9": 3.648370497427101, "Misses9": 0.9121783876500857, "Score9": 3.6572898799313895, "Accuracy9": 7.454136961475129, "Missrate9": 2.4192764175300177, "Clicks10": 7.476843910806175, "Hits10": 6.63704974271012, "Misses10": 0.8397941680960549, "Score10": 6.672727272727273, "Accuracy10": 11.262436795814752, "Missrate10": 3.08679476586621, "Clicks11": 5.00926243567753, "Hits11": 4.128987993138937, "Misses11": 0.8802744425385934, "Score11": 4.15746140651801, "Accuracy11": 7.788303432349915, "Missrate11": 2.4494358475814755, "Clicks12": 4.207890222984562, "Hits12": 3.5248713550600344, "Misses12": 0.6830188679245283, "Score12": 3.5382504288164665, "Accuracy12": 4.532527272487135, "Missrate12": 1.2132737560891937, "Clicks13": 3.921440823327616, "Hits13": 3.4617495711835335, "Misses13": 0.45969125214408235, "Score13": 3.4706689536878215, "Accuracy13": 1.816164689193825, "Missrate13": 1.5395814514579762, "Clicks14": 5.560205831903945, "Hits14": 4.356432246998285, "Misses14": 1.2037735849056603, "Score14": 4.376672384219554, "Accuracy14": 7.251945416535164, "Missrate14": 5.717865903979416, "Clicks15": 4.751286449399657, "Hits15": 4.264493996569469, "Misses15": 0.4867924528301887, "Score15": 4.299485420240138, "Accuracy15": 4.29506673626072, "Missrate15": 1.4641099362607202, "Clicks16": 4.188679245283019, "Hits16": 3.2226415094339624, "Misses16": 0.9660377358490566, "Score16": 3.231903945111492, "Accuracy16": 7.9387732574271, "Missrate16": 3.6523107904288166, "Clicks17": 3.9910806174957116, "Hits17": 3.365008576329331, "Misses17": 0.6260720411663808, "Score17": 3.371869639794168, "Accuracy17": 4.027579710497427, "Missrate17": 3.791974320068611, "Clicks18": 4.254545454545455, "Hits18": 3.179759862778731, "Misses18": 1.074785591766724, "Score18": 3.185934819897084, "Accuracy18": 6.7980049540651795, "Missrate18": 4.453799505660378, "Clicks19": 5.4617495711835335, "Hits19": 3.072384219554031, "Misses19": 2.3893653516295026, "Score19": 3.0926243567753002, "Accuracy19": 15.209007258662092, "Missrate19": 11.484653118456261, "Clicks20": 5.516981132075472, "Hits20": 2.5996569468267583, "Misses20": 2.9173241852487135, "Score20": 2.608576329331046, "Accuracy20": 9.557254559382505, "Missrate20": 8.908958133756432, "Clicks21": 4.575986277873071, "Hits21": 1.9265866209262437, "Misses21": 2.6493996569468266, "Score21": 1.9413379073756432, "Accuracy21": 2.5511895877186963, "Missrate21": 7.338693773927959, "Clicks22": 5.700171526586621, "Hits22": 4.234305317324186, "Misses22": 1.4658662092624357, "Score22": 4.246655231560892, "Accuracy22": 21.259935845317322, "Missrate22": 5.432348889536878, "Clicks23": 5.244596912521441, "Hits23": 3.643910806174957, "Misses23": 1.6006861063464837, "Score23": 3.6638078902229845, "Accuracy23": 21.00468666312178, "Missrate23": 9.113004589125214, "Clicks24": 5.209948542024014, "Hits24": 2.5296740994854203, "Misses24": 2.6802744425385936, "Score24": 2.5344768439108063, "Accuracy24": 7.525375344939966, "Missrate24": 7.509959131732419, "Clicks25": 5.95368782161235, "Hits25": 3.8174957118353343, "Misses25": 2.1361921097770153, "Score25": 3.846655231560892, "Accuracy25": 22.090784618113208, "Missrate25": 10.427229104288164, "Clicks26": 6.320754716981132, "Hits26": 4.382504288164665, "Misses26": 1.9382504288164666, "Score26": 4.4459691252144085, "Accuracy26": 26.487822184837047, "Missrate26": 14.9406786735506, "Clicks27": 9.33138936535163, "Hits27": 1.4212692967409948, "Misses27": 2.4871355060034306, "Score27": 1.4267581475128646, "Accuracy27": 2.6015725541680963, "Missrate27": 6.94483493090909, "Clicks28": 8.315951972555746, "Hits28": 2.8497427101200685, "Misses28": 1.5180102915951972, "Score28": 2.8898799313893653, "Accuracy28": 4.567331127066895, "Missrate28": 3.435759057941681, "Clicks29": 13.520068610634649, "Hits29": 1.132761578044597, "Misses29": 1.4579759862778732, "Score29": 1.1361921097770153, "Accuracy29": 1.598327474888508, "Missrate29": 4.471344237804459, "Clicks30": 10.053516295025728, "Hits30": 1.6377358490566039, "Misses30": 2.081989708404803, "Score30": 1.660720411663808, "Accuracy30": 2.649846660617496, "Missrate30": 3.7116757699485423, "Clicks31": 36.677530017152655, "Hits31": 2.362607204116638, "Misses31": 1.2435677530017153, "Score31": 2.612006861063465, "Accuracy31": 0.9825190651835336, "Missrate31": 0.45944566689536875, "Clicks32": 19.907032590051458, "Hits32": 1.6061749571183535, "Misses32": 1.948885077186964, "Score32": 1.8363636363636364, "Accuracy32": 1.334434444631218, "Missrate32": 2.044313976432247}